{"cameraMode":{"drawMode":0,"name":"Shaded","section":"Shading Mode"},"sceneLighting":true,"audioPlay":false,"sceneViewState":{"showFog":true,"showMaterialUpdate":false,"showSkybox":true,"showFlares":true,"showImageEffects":true,"showParticleSystems":true},"in2DMode":false,"pivot":{"x":8.988761901855469,"y":-77.00871276855469,"z":-408.0492858886719},"rotation":{"x":0.1764170229434967,"y":-0.6773865222930908,"z":0.17249460518360139,"w":0.6930152177810669},"size":112.41792297363281,"orthographic":false}