{"cameraMode":{"drawMode":0,"name":"Shaded","section":"Shading Mode"},"sceneLighting":true,"audioPlay":false,"sceneViewState":{"showFog":true,"showMaterialUpdate":false,"showSkybox":true,"showFlares":true,"showImageEffects":true,"showParticleSystems":true},"in2DMode":false,"pivot":{"x":-0.21770262718200684,"y":0.7461826801300049,"z":0.12013959884643555},"rotation":{"x":-0.11107175052165985,"y":-0.3130793869495392,"z":0.03690004348754883,"w":-0.9424875974655151},"size":3.297710657119751,"orthographic":false}