{"cameraMode":{"drawMode":0,"name":"Shaded","section":"Shading Mode"},"sceneLighting":true,"audioPlay":false,"sceneViewState":{"showFog":true,"showMaterialUpdate":false,"showSkybox":true,"showFlares":true,"showImageEffects":true,"showParticleSystems":true},"in2DMode":false,"pivot":{"x":-0.02358841896057129,"y":1.2624127864837647,"z":-0.3051459789276123},"rotation":{"x":-0.028829263523221017,"y":0.9699016809463501,"z":-0.1439182460308075,"w":-0.19428645074367524},"size":1.8462047576904297,"orthographic":false}