{"cameraMode":{"drawMode":0,"name":"Shaded","section":"Shading Mode"},"sceneLighting":true,"audioPlay":false,"sceneViewState":{"showFog":true,"showMaterialUpdate":false,"showSkybox":true,"showFlares":true,"showImageEffects":true,"showParticleSystems":true},"in2DMode":false,"pivot":{"x":20.848388671875,"y":-21.809398651123048,"z":-387.96917724609377},"rotation":{"x":0.17698688805103303,"y":-0.4434351921081543,"z":0.08983568102121353,"w":0.8740540742874146},"size":157.52975463867188,"orthographic":false}