{"cameraMode":{"drawMode":0,"name":"Shaded","section":"Shading Mode"},"sceneLighting":true,"audioPlay":false,"sceneViewState":{"showFog":true,"showMaterialUpdate":false,"showSkybox":true,"showFlares":true,"showImageEffects":true,"showParticleSystems":true},"in2DMode":false,"pivot":{"x":0.0934288501739502,"y":0.4832104742527008,"z":0.0632912665605545},"rotation":{"x":-0.3243379294872284,"y":-0.12410677969455719,"z":0.04297255352139473,"w":-0.9367794394493103},"size":101.56835174560547,"orthographic":false}