{"cameraMode":{"drawMode":0,"name":"Shaded","section":"Shading Mode"},"sceneLighting":true,"audioPlay":false,"sceneViewState":{"showFog":true,"showMaterialUpdate":false,"showSkybox":true,"showFlares":true,"showImageEffects":true,"showParticleSystems":true},"in2DMode":false,"pivot":{"x":-1.2062736749649048,"y":3.9903831481933595,"z":-6.4091033935546879},"rotation":{"x":-0.23213133215904237,"y":0.01807987689971924,"z":-0.004357931204140186,"w":-0.9725067019462586},"size":42.079681396484378,"orthographic":false}