{"cameraMode":{"drawMode":0,"name":"Shaded","section":"Shading Mode"},"sceneLighting":false,"audioPlay":false,"sceneViewState":{"showFog":true,"showMaterialUpdate":false,"showSkybox":true,"showFlares":true,"showImageEffects":true,"showParticleSystems":true},"in2DMode":false,"pivot":{"x":2.182407855987549,"y":-0.7565170526504517,"z":-0.6807548999786377},"rotation":{"x":-0.3243379592895508,"y":-0.12410678714513779,"z":0.04297255724668503,"w":-0.9367794990539551},"size":2.475001811981201,"orthographic":false}