{"cameraMode":{"drawMode":0,"name":"Shaded","section":"Shading Mode"},"sceneLighting":false,"audioPlay":false,"sceneViewState":{"showFog":true,"showMaterialUpdate":false,"showSkybox":true,"showFlares":true,"showImageEffects":true,"showParticleSystems":true},"in2DMode":false,"pivot":{"x":-36.42089080810547,"y":18.45972442626953,"z":-4.718406677246094},"rotation":{"x":-0.3243379592895508,"y":-0.12410678714513779,"z":0.04297255724668503,"w":-0.9367794990539551},"size":44.96775817871094,"orthographic":false}